{
  "positive": {
    "class_0": {
      "precision": 0.6,
      "recall": 0.75,
      "f1": 0.6666666666666666,
      "support": 4
    },
    "class_1": {
      "precision": 0.6666666666666666,
      "recall": 0.5,
      "f1": 0.5714285714285714,
      "support": 4
    }
  },
  "negative": {
    "class_0": {
      "precision": 0.6666666666666666,
      "recall": 0.5,
      "f1": 0.5714285714285714,
      "support": 4
    },
    "class_1": {
      "precision": 0.6,
      "recall": 0.75,
      "f1": 0.6666666666666666,
      "support": 4
    }
  }
}